,Date_reported,New_cases,Cumulative_cases,New_deaths,Cumulative_deaths,mask,closed_border,social_restrictions,space_closures,state_of_emergency,testing_screening
0,1/3/2020,0,0,0,0,0,0,0,0,0,0
1,1/4/2020,0,0,0,0,0,0,0,0,0,0
2,1/5/2020,0,0,0,0,0,0,0,0,0,0
3,1/6/2020,0,0,0,0,0,0,0,0,0,0
4,1/7/2020,0,0,0,0,0,0,0,0,0,0
5,1/8/2020,0,0,0,0,0,0,0,0,0,0
6,1/9/2020,0,0,0,0,0,0,0,0,0,0
7,1/10/2020,0,0,0,0,0,0,0,0,0,0
8,1/11/2020,0,0,0,0,0,0,0,0,0,0
9,1/12/2020,0,0,0,0,0,0,0,0,0,0
10,1/13/2020,0,0,0,0,0,0,0,0,0,0
11,1/14/2020,0,0,0,0,0,0,0,0,0,0
12,1/15/2020,0,0,0,0,0,0,0,0,0,0
13,1/16/2020,0,0,0,0,0,0,0,0,0,0
14,1/17/2020,0,0,0,0,0,0,0,0,0,0
15,1/18/2020,0,0,0,0,0,0,0,0,0,0
16,1/19/2020,0,0,0,0,0,0,0,0,0,0
17,1/20/2020,1,1,0,0,0,0,0,0,0,0
18,1/21/2020,0,1,0,0,0,0,0,0,0,0
19,1/22/2020,0,1,0,0,0,0,0,0,0,0
20,1/23/2020,0,1,0,0,0,0,0,0,0,0
21,1/24/2020,0,1,0,0,0,0,0,0,0,0
22,1/25/2020,5,6,0,0,0,0,0,0,0,0
23,1/26/2020,1,7,0,0,0,0,0,0,0,0
24,1/27/2020,0,7,0,0,0,0,0,0,0,0
25,1/28/2020,1,8,0,0,0,0,0,0,0,0
26,1/29/2020,0,8,0,0,0,0,0,0,0,0
27,1/30/2020,0,8,0,0,0,0,0,0,0,0
28,1/31/2020,0,8,0,0,0,0,0,0,0,0
29,2/1/2020,0,8,0,0,0,0,0,0,0,0
30,2/2/2020,1,9,0,0,0,0,0,0,0,0
31,2/3/2020,1,10,0,0,0,0,0,0,0,0
32,2/4/2020,3,13,0,0,0,0,0,0,0,1
33,2/5/2020,4,17,0,0,0,0,0,0,0,1
34,2/6/2020,2,19,0,0,0,0,0,0,0,1
35,2/7/2020,0,19,0,0,0,0,1,0,0,1
36,2/8/2020,0,19,0,0,0,0,1,0,0,1
37,2/9/2020,1,20,0,0,0,0,1,0,0,1
38,2/10/2020,0,20,0,0,0,0,1,0,0,1
39,2/11/2020,0,20,0,0,0,0,1,0,0,1
40,2/12/2020,0,20,0,0,0,0,1,0,0,1
41,2/13/2020,0,20,0,0,0,0,1,0,0,1
42,2/14/2020,2,22,0,0,0,0,1,0,0,1
43,2/15/2020,1,23,0,0,0,0,1,0,0,1
44,2/16/2020,1,24,0,0,0,0,1,0,0,1
45,2/17/2020,0,24,0,0,0,0,1,0,0,1
46,2/18/2020,0,24,0,0,0,0,1,0,0,1
47,2/19/2020,2,26,0,0,0,1,1,0,0,1
48,2/20/2020,5,31,0,0,0,1,1,0,0,1
49,2/21/2020,3,34,0,0,0,1,1,0,0,1
50,2/22/2020,1,35,0,0,0,1,1,0,0,1
51,2/23/2020,5,40,0,0,0,1,1,0,0,1
52,2/24/2020,8,48,0,0,0,1,1,0,0,1
53,2/25/2020,0,48,0,0,0,1,1,0,0,1
54,2/26/2020,4,52,0,0,0,1,1,0,0,1
55,2/27/2020,4,56,0,0,0,1,1,0,0,1
56,2/28/2020,8,64,0,0,0,1,1,0,0,1
57,2/29/2020,5,69,1,1,0,1,1,0,0,1
58,3/1/2020,4,73,0,1,0,1,1,0,0,1
59,3/2/2020,9,82,1,2,0,1,1,0,0,1
60,3/3/2020,18,100,0,2,0,1,1,0,0,1
61,3/4/2020,35,135,6,8,0,1,1,0,0,1
62,3/5/2020,51,186,3,11,0,1,1,0,0,1
63,3/6/2020,70,256,2,13,0,1,1,0,0,1
64,3/7/2020,78,334,3,16,0,1,1,0,0,1
65,3/8/2020,130,464,3,19,0,1,1,0,0,1
66,3/9/2020,146,610,5,24,0,1,1,0,0,1
67,3/10/2020,212,822,4,28,0,1,1,0,0,1
68,3/11/2020,390,1212,4,32,0,1,1,0,0,1
69,3/12/2020,497,1709,7,39,0,1,1,0,0,1
70,3/13/2020,525,2234,12,51,0,1,1,0,0,1
71,3/14/2020,727,2961,7,58,0,1,1,0,0,1
72,3/15/2020,968,3929,11,69,0,1,1,0,0,1
73,3/16/2020,1219,5148,13,82,0,1,1,0,0,1
74,3/17/2020,2135,7283,18,100,0,1,1,0,0,1
75,3/18/2020,2369,9652,21,121,0,1,1,0,0,1
76,3/19/2020,3229,12881,28,149,0,1,1,0,0,1
77,3/20/2020,4862,17743,64,213,0,1,1,1,0,1
78,3/21/2020,6113,23856,69,282,0,1,1,1,1,1
79,3/22/2020,7559,31415,92,374,0,1,1,1,1,1
80,3/23/2020,9110,40525,112,486,0,1,1,1,1,1
81,3/24/2020,10765,51290,118,604,0,1,1,1,1,1
82,3/25/2020,10754,62044,164,768,0,1,1,1,1,1
83,3/26/2020,11332,73376,209,977,0,1,1,1,1,1
84,3/27/2020,14115,87491,301,1278,0,1,1,1,1,1
85,3/28/2020,18474,105965,341,1619,0,1,1,1,1,1
86,3/29/2020,20344,126309,487,2106,0,1,1,1,1,1
87,3/30/2020,20673,146982,556,2662,0,1,1,1,1,1
88,3/31/2020,26161,173143,665,3327,0,1,1,1,1,1
89,4/1/2020,15536,188679,631,3958,0,1,1,1,1,1
90,4/2/2020,23260,211939,982,4940,0,1,1,1,1,1
91,4/3/2020,28674,240613,1121,6061,0,1,1,1,1,1
92,4/4/2020,29790,270403,1311,7372,0,1,1,1,1,1
93,4/5/2020,32057,302460,1376,8748,0,1,1,1,1,1
94,4/6/2020,32134,334594,1540,10288,0,1,1,1,1,1
95,4/7/2020,26984,361578,1873,12161,0,1,1,1,1,1
96,4/8/2020,28629,390207,1691,13852,0,1,1,1,1,1
97,4/9/2020,29355,419562,2093,15945,0,1,1,1,1,1
98,4/10/2020,34148,453710,2221,18166,0,1,1,1,1,1
99,4/11/2020,34743,488453,2230,20396,0,1,1,1,1,1
100,4/12/2020,33179,521632,2241,22637,0,1,1,1,1,1
101,4/13/2020,31535,553167,2192,24829,0,1,1,1,1,1
102,4/14/2020,27094,580261,1857,26686,0,1,1,1,1,1
103,4/15/2020,25244,605505,1905,28591,0,1,1,1,1,1
104,4/16/2020,25259,630764,2432,31023,0,1,1,1,1,1
105,4/17/2020,25208,655972,2731,33754,0,1,1,1,1,1
106,4/18/2020,31494,687466,2445,36199,1,1,1,1,1,1
107,4/19/2020,30316,717782,2336,38535,1,1,1,1,1,1
108,4/20/2020,28281,746063,1848,40383,1,1,1,1,1,1
109,4/21/2020,26070,772133,1993,42376,1,1,1,1,1,1
110,4/22/2020,26428,798561,2077,44453,1,1,1,1,1,1
111,4/23/2020,25927,824488,2673,47126,1,1,1,1,1,1
112,4/24/2020,30470,854958,2221,49347,1,1,1,1,1,1
113,4/25/2020,33211,888169,1984,51331,1,1,1,1,1,1
114,4/26/2020,34778,922947,2103,53434,1,1,1,1,1,1
115,4/27/2020,33603,956550,1892,55326,1,1,1,1,1,1
116,4/28/2020,26063,982613,1535,56861,1,1,1,1,1,1
117,4/29/2020,23758,1006371,1489,58350,1,1,1,1,1,1
118,4/30/2020,23935,1030306,2111,60461,1,1,1,1,1,1
119,5/1/2020,26774,1057080,2417,62878,1,1,1,1,1,1
120,5/2/2020,31221,1088301,2238,65116,1,1,1,1,1,1
121,5/3/2020,33082,1121383,1953,67069,1,1,1,1,1,1
122,5/4/2020,28292,1149675,1609,68678,1,1,1,1,1,1
123,5/5/2020,25927,1175602,1412,70090,1,1,1,1,1,1
124,5/6/2020,22324,1197926,1271,71361,1,1,1,1,1,1
125,5/7/2020,22878,1220804,2434,73795,1,1,1,1,1,1
126,5/8/2020,25440,1246244,2341,76136,1,1,1,1,1,1
127,5/9/2020,28552,1274796,2033,78169,1,1,1,1,1,1
128,5/10/2020,28833,1303629,1658,79827,1,1,1,1,1,1
129,5/11/2020,25917,1329546,1491,81318,1,1,1,1,1,1
130,5/12/2020,20656,1350202,1073,82391,1,1,1,1,1,1
131,5/13/2020,19950,1370152,1034,83425,1,1,1,1,1,1
132,5/14/2020,23902,1394054,1533,84958,1,1,1,1,1,1
133,5/15/2020,17336,1411390,1507,86465,1,1,1,1,1,1
134,5/16/2020,34643,1446033,1943,88408,1,1,1,1,1,1
135,5/17/2020,26628,1472661,1549,89957,1,1,1,1,1,1
136,5/18/2020,26081,1498742,1239,91196,1,1,1,1,1,1
137,5/19/2020,19917,1518659,927,92123,1,1,1,1,1,1
138,5/20/2020,22744,1541403,946,93069,1,1,1,1,1,1
139,5/21/2020,21923,1563326,1179,94248,1,1,1,1,1,1
140,5/22/2020,23506,1586832,1374,95622,1,1,1,1,1,1
141,5/23/2020,26191,1613023,1083,96705,1,1,1,1,1,1
142,5/24/2020,25963,1638986,1810,98515,1,1,1,1,1,1
143,5/25/2020,21465,1660451,937,99452,1,1,1,1,1,1
144,5/26/2020,20651,1681102,788,100240,1,1,1,1,1,1
145,5/27/2020,19379,1700481,687,100927,1,1,1,1,1,1
146,5/28/2020,17510,1717991,811,101738,1,1,1,1,1,1
147,5/29/2020,19508,1737499,1285,103023,1,1,1,1,1,1
148,5/30/2020,24182,1761681,1251,104274,1,1,1,1,1,1
149,5/31/2020,23741,1785422,1051,105325,1,1,1,1,1,1
150,6/1/2020,24127,1809549,906,106231,1,1,1,1,1,1
151,6/2/2020,21466,1831015,673,106904,1,1,1,1,1,1
152,6/3/2020,17157,1848172,691,107595,1,1,1,1,1,1
153,6/4/2020,20974,1869146,934,108529,1,1,1,1,1,1
154,6/5/2020,20695,1889841,1022,109551,1,1,1,1,1,1
155,6/6/2020,20870,1910711,885,110436,1,1,1,1,1,1
156,6/7/2020,24491,1935202,876,111312,1,1,1,1,1,1
157,6/8/2020,23285,1958487,669,111981,1,1,1,1,1,1
158,6/9/2020,18455,1976942,593,112574,1,1,1,1,1,1
159,6/10/2020,18151,1995093,776,113350,1,1,1,1,1,1
160,6/11/2020,18581,2013674,827,114177,1,1,1,1,1,1
161,6/12/2020,22181,2035855,882,115059,1,1,1,1,1,1
162,6/13/2020,22890,2058745,888,115947,1,1,1,1,1,1
163,6/14/2020,28333,2087078,735,116682,1,1,1,1,1,1
164,6/15/2020,26434,2113512,685,117367,1,1,1,1,1,1
165,6/16/2020,20778,2134290,489,117856,1,1,1,1,1,1
166,6/17/2020,20591,2154881,525,118381,1,1,1,1,1,1
167,6/18/2020,24777,2179658,674,119055,1,1,1,1,1,1
168,6/19/2020,25816,2205474,684,119739,1,1,1,1,1,1
169,6/20/2020,28520,2233994,643,120382,1,1,1,1,1,1
170,6/21/2020,33105,2267099,755,121137,1,1,1,1,1,1
171,6/22/2020,33467,2300566,576,121713,1,1,1,1,1,1
172,6/23/2020,27345,2327911,413,122126,1,1,1,1,1,1
173,6/24/2020,28698,2356609,415,122541,1,1,1,1,1,1
174,6/25/2020,37887,2394496,746,123287,1,1,1,1,1,1
175,6/26/2020,37320,2431816,692,123979,1,1,1,1,1,1
176,6/27/2020,47021,2478837,2533,126512,1,1,1,1,1,1
177,6/28/2020,46540,2525377,706,127218,1,1,1,1,1,1
178,6/29/2020,43653,2569030,593,127811,1,1,1,1,1,1
179,6/30/2020,37583,2606613,439,128250,1,1,1,1,1,1
180,7/1/2020,38517,2645130,461,128711,1,1,1,1,1,1
181,7/2/2020,47253,2692383,662,129373,1,1,1,1,1,1
182,7/3/2020,59342,2751725,782,130155,1,1,1,1,1,1
183,7/4/2020,55452,2807177,704,130859,1,1,1,1,1,1
184,7/5/2020,60366,2867543,810,131669,1,1,1,1,1,1
185,7/6/2020,48978,2916521,539,132208,1,1,1,1,1,1
186,7/7/2020,40413,2956934,460,132668,1,1,1,1,1,1
187,7/8/2020,50763,3007697,598,133266,1,1,1,1,1,1
188,7/9/2020,56754,3064451,928,134194,1,1,1,1,1,1
189,7/10/2020,64775,3129226,1079,135273,1,1,1,1,1,1
190,7/11/2020,61943,3191169,961,136234,1,1,1,1,1,1
191,7/12/2020,68579,3259748,964,137198,1,1,1,1,1,1
192,7/13/2020,68262,3328010,889,138087,1,1,1,1,1,1
193,7/14/2020,58680,3386690,840,138927,1,1,1,1,1,1
194,7/15/2020,56287,3442977,731,139658,1,1,1,1,1,1
195,7/16/2020,64516,3507493,914,140572,1,1,1,1,1,1
196,7/17/2020,72389,3579882,1122,141694,1,1,1,1,1,1
197,7/18/2020,69181,3649063,1089,142783,1,1,1,1,1,1
198,7/19/2020,76952,3726015,1081,143864,1,1,1,1,1,1
199,7/20/2020,67324,3793339,1005,144869,1,1,1,1,1,1
200,7/21/2020,60012,3853351,932,145801,1,1,1,1,1,1
201,7/22/2020,58519,3911870,867,146668,1,1,1,1,1,1
202,7/23/2020,63336,3975206,1193,147861,1,1,1,1,1,1
203,7/24/2020,72416,4047622,1191,149052,1,1,1,1,1,1
204,7/25/2020,73142,4120764,1254,150306,1,1,1,1,1,1
205,7/26/2020,73152,4193916,1284,151590,1,1,1,1,1,1
206,7/27/2020,61596,4255512,1148,152738,1,1,1,1,1,1
207,7/28/2020,57759,4313271,951,153689,1,1,1,1,1,1
208,7/29/2020,54007,4367278,936,154625,1,1,1,1,1,1
209,7/30/2020,58708,4425986,1163,155788,1,1,1,1,1,1
210,7/31/2020,64855,4490841,1179,156967,1,1,1,1,1,1
211,8/1/2020,66141,4556982,1400,158367,1,1,1,1,1,1
212,8/2/2020,68184,4625166,1369,159736,1,1,1,1,1,1
213,8/3/2020,56412,4681578,1164,160900,1,1,1,1,1,1
214,8/4/2020,50849,4732427,922,161822,1,1,1,1,1,1
215,8/5/2020,45329,4777756,853,162675,1,1,1,1,1,1
216,8/6/2020,52056,4829812,1072,163747,1,1,1,1,1,1
217,8/7/2020,55592,4885404,1260,165007,1,1,1,1,1,1
218,8/8/2020,53165,4938569,1211,166218,1,1,1,1,1,1
219,8/9/2020,62506,5001075,1317,167535,1,1,1,1,1,1
220,8/10/2020,51679,5052754,1043,168578,1,1,1,1,1,1
221,8/11/2020,46473,5099227,900,169478,1,1,1,1,1,1
222,8/12/2020,43377,5142604,795,170273,1,1,1,1,1,1
223,8/13/2020,58958,5201562,1098,171371,1,1,1,1,1,1
224,8/14/2020,54392,5255954,1326,172697,1,1,1,1,1,1
225,8/15/2020,51522,5307476,1195,173892,1,1,1,1,1,1
226,8/16/2020,56261,5363737,1047,174939,1,1,1,1,1,1
227,8/17/2020,51137,5414874,952,175891,1,1,1,1,1,1
228,8/18/2020,41495,5456369,889,176780,1,1,1,1,1,1
229,8/19/2020,41589,5497958,637,177417,1,1,1,1,1,1
230,8/20/2020,41625,5539583,928,178345,1,1,1,1,1,1
231,8/21/2020,46574,5586157,1264,179609,1,1,1,1,1,1
232,8/22/2020,46187,5632344,1000,180609,1,1,1,1,1,1
233,8/23/2020,47181,5679525,1007,181616,1,1,1,1,1,1
234,8/24/2020,42550,5722075,1006,182622,1,1,1,1,1,1
235,8/25/2020,36210,5758285,836,183458,1,1,1,1,1,1
236,8/26/2020,35716,5794001,584,184042,1,1,1,1,1,1
237,8/27/2020,40574,5834575,880,184922,1,1,1,1,1,1
238,8/28/2020,46430,5881005,1062,185984,1,1,1,1,1,1
239,8/29/2020,46920,5927925,940,186924,1,1,1,1,1,1
240,8/30/2020,46546,5974471,1035,187959,1,1,1,1,1,1
241,8/31/2020,40908,6015379,839,188798,1,1,1,1,1,1
242,9/1/2020,36635,6052014,717,189515,1,1,1,1,1,1
243,9/2/2020,38696,6090710,553,190068,1,1,1,1,1,1
244,9/3/2020,39178,6129888,860,190928,1,1,1,1,1,1
245,9/4/2020,43647,6173535,884,191812,1,1,1,1,1,1
246,9/5/2020,45272,6218807,948,192760,1,1,1,1,1,1
247,9/6/2020,50917,6269724,904,193664,1,1,1,1,1,1
248,9/7/2020,41129,6310853,801,194465,1,1,1,1,1,1
249,9/8/2020,34237,6345090,685,195150,1,1,1,1,1,1
250,9/9/2020,24876,6369966,417,195567,1,1,1,1,1,1
251,9/10/2020,28054,6398020,553,196120,1,1,1,1,1,1
252,9/11/2020,34660,6432680,826,196946,1,1,1,1,1,1
253,9/12/2020,38583,6471263,832,197778,1,1,1,1,1,1
254,9/13/2020,44082,6515345,863,198641,1,1,1,1,1,1
255,9/14/2020,40371,6555716,662,199303,1,1,1,1,1,1
256,9/15/2020,32888,6588604,720,200023,1,1,1,1,1,1
257,9/16/2020,34336,6622940,359,200382,1,1,1,1,1,1
258,9/17/2020,36815,6659755,801,201183,1,1,1,1,1,1
259,9/18/2020,43910,6703665,1099,202282,1,1,1,1,1,1
260,9/19/2020,44530,6748195,732,203014,1,1,1,1,1,1
261,9/20/2020,48127,6796322,803,203817,1,1,1,1,1,1
262,9/21/2020,42181,6838503,674,204491,1,1,1,1,1,1
263,9/22/2020,34450,6872953,484,204975,1,1,1,1,1,1
264,9/23/2020,41398,6914351,537,205512,1,1,1,1,1,1
265,9/24/2020,49528,6963879,660,206172,1,1,1,1,1,1
266,9/25/2020,41641,7005520,903,207075,1,1,1,1,1,1
267,9/26/2020,45961,7051481,740,207815,1,1,1,1,1,1
268,9/27/2020,49615,7101096,778,208593,1,1,1,1,1,1
269,9/28/2020,42035,7143131,664,209257,1,1,1,1,1,1
270,9/29/2020,35551,7178682,502,209759,1,1,1,1,1,1
271,9/30/2020,38402,7217084,400,210159,1,1,1,1,1,1
272,10/1/2020,38881,7255965,795,210954,1,1,1,1,1,1
273,10/2/2020,45920,7301885,686,211640,1,1,1,1,1,1
274,10/3/2020,46624,7348509,733,212373,1,1,1,1,1,1
275,10/4/2020,50935,7399444,907,213280,1,1,1,1,1,1
276,10/5/2020,47727,7447171,565,213845,1,1,1,1,1,1
277,10/6/2020,35774,7482945,598,214443,1,1,1,1,1,1
278,10/7/2020,41602,7524547,508,214951,1,1,1,1,1,1
279,10/8/2020,41654,7566201,635,215586,1,1,1,1,1,1
280,10/9/2020,52594,7618795,782,216368,1,1,1,1,1,1
281,10/10/2020,56104,7674899,735,217103,1,1,1,1,1,1
282,10/11/2020,58794,7733693,792,217895,1,1,1,1,1,1
283,10/12/2020,54216,7787909,681,218576,1,1,1,1,1,1
284,10/13/2020,44423,7832332,573,219149,1,1,1,1,1,1
285,10/14/2020,49144,7881476,497,219646,1,1,1,1,1,1
286,10/15/2020,50497,7931973,652,220298,1,1,1,1,1,1
287,10/16/2020,57229,7989202,821,221119,1,1,1,1,1,1
288,10/17/2020,63046,8052248,697,221816,1,1,1,1,1,1
289,10/18/2020,69079,8121327,880,222696,1,1,1,1,1,1
290,10/19/2020,54548,8175875,693,223389,1,1,1,1,1,1
291,10/20/2020,48887,8224762,733,224122,1,1,1,1,1,1
292,10/21/2020,61362,8286124,612,224734,1,1,1,1,1,1
293,10/22/2020,58741,8344865,791,225525,1,1,1,1,1,1
294,10/23/2020,68657,8413522,1059,226584,1,1,1,1,1,1
295,10/24/2020,74903,8488425,916,227500,1,1,1,1,1,1
296,10/25/2020,82340,8570765,919,228419,1,1,1,1,1,1
297,10/26/2020,76181,8646946,836,229255,1,1,1,1,1,1
298,10/27/2020,65610,8712556,601,229856,1,1,1,1,1,1
299,10/28/2020,69584,8782140,682,230538,1,1,1,1,1,1
300,10/29/2020,74961,8857101,896,231434,1,1,1,1,1,1
301,10/30/2020,84410,8941511,1063,232497,1,1,1,1,1,1
302,10/31/2020,91130,9032641,1110,233607,1,1,1,1,1,1
303,11/1/2020,97518,9130159,908,234515,1,1,1,1,1,1
304,11/2/2020,92783,9222942,942,235457,1,1,1,1,1,1
305,11/3/2020,141582,9364524,708,236165,1,1,1,1,1,1
306,11/4/2020,87188,9451712,738,236903,1,1,1,1,1,1
307,11/5/2020,98499,9550211,1031,237934,1,1,1,1,1,1
308,11/6/2020,113875,9664086,1298,239232,1,1,1,1,1,1
309,11/7/2020,122830,9786916,1227,240459,1,1,1,1,1,1
310,11/8/2020,133337,9920253,1260,241719,1,1,1,1,1,1
311,11/9/2020,129810,10050063,1095,242814,1,1,1,1,1,1
312,11/10/2020,111648,10161711,882,243696,1,1,1,1,1,1
313,11/11/2020,124487,10286198,930,244626,1,1,1,1,1,1
314,11/12/2020,145951,10432149,1674,246300,1,1,1,1,1,1
315,11/13/2020,153660,10585809,1518,247818,1,1,1,1,1,1
316,11/14/2020,162300,10748109,1347,249165,1,1,1,1,1,1
317,11/15/2020,176989,10925098,1271,250436,1,1,1,1,1,1
318,11/16/2020,164239,11089337,1472,251908,1,1,1,1,1,1
319,11/17/2020,137564,11226901,1027,252935,1,1,1,1,1,1
320,11/18/2020,153374,11380275,1018,253953,1,1,1,1,1,1
321,11/19/2020,167352,11547627,1591,255544,1,1,1,1,1,1
322,11/20/2020,170904,11718531,1833,257377,1,1,1,1,1,1
323,11/21/2020,188681,11907212,1920,259297,1,1,1,1,1,1
324,11/22/2020,193369,12100581,1959,261256,1,1,1,1,1,1
325,11/23/2020,173861,12274442,1724,262980,1,1,1,1,1,1
326,11/24/2020,149783,12424225,1303,264283,1,1,1,1,1,1
327,11/25/2020,160411,12584636,1413,265696,1,1,1,1,1,1
328,11/26/2020,175183,12759819,1889,267585,1,1,1,1,1,1
329,11/27/2020,194100,12953919,2289,269874,1,1,1,1,1,1
330,11/28/2020,145029,13098948,1674,271548,1,1,1,1,1,1
331,11/29/2020,164034,13262982,1658,273206,1,1,1,1,1,1
332,11/30/2020,144575,13407557,1506,274712,1,1,1,1,1,1
333,12/1/2020,141072,13548629,1281,275993,1,1,1,1,1,1
334,12/2/2020,151905,13700534,1546,277539,1,1,1,1,1,1
335,12/3/2020,192718,13893252,2379,279918,1,1,1,1,1,1
336,12/4/2020,210074,14103326,2756,282674,1,1,1,1,1,1
337,12/5/2020,216782,14320108,2740,285414,1,1,1,1,1,1
338,12/6/2020,223806,14543914,2593,288007,1,1,1,1,1,1
339,12/7/2020,205575,14749489,2376,290383,1,1,1,1,1,1
340,12/8/2020,176909,14926398,1588,291971,1,1,1,1,1,1
341,12/9/2020,183091,15109489,1973,293944,1,1,1,1,1,1
342,12/10/2020,226982,15336471,2561,296505,1,1,1,1,1,1
343,12/11/2020,221251,15557722,3323,299828,1,1,1,1,1,1
344,12/12/2020,208835,15766557,2705,302533,1,1,1,1,1,1
345,12/13/2020,245839,16012396,3188,305721,1,1,1,1,1,1
346,12/14/2020,217153,16229549,2440,308161,1,1,1,1,1,1
347,12/15/2020,181275,16410824,2037,310198,1,1,1,1,1,1
348,12/16/2020,198204,16609028,1955,312153,1,1,1,1,1,1
349,12/17/2020,198650,16807678,2758,314911,1,1,1,1,1,1
350,12/18/2020,240266,17047944,3389,318300,1,1,1,1,1,1
351,12/19/2020,246505,17294449,3338,321638,1,1,1,1,1,1
352,12/20/2020,235875,17530324,2949,324587,1,1,1,1,1,1
353,12/21/2020,202289,17732613,2727,327314,1,1,1,1,1,1
354,12/22/2020,186429,17919042,2090,329404,1,1,1,1,1,1
355,12/23/2020,183553,18102595,2129,331533,1,1,1,1,1,1
356,12/24/2020,197759,18300354,2891,334424,1,1,1,1,1,1
357,12/25/2020,226200,18526554,3238,337662,1,1,1,1,1,1
358,12/26/2020,202550,18729104,3021,340683,1,1,1,1,1,1
359,12/27/2020,161342,18890446,2237,342920,1,1,1,1,1,1
360,12/28/2020,147119,19037565,1650,344570,1,1,1,1,1,1
361,12/29/2020,154342,19191907,1903,346473,1,1,1,1,1,1
362,12/30/2020,176774,19368681,2180,348653,1,1,1,1,1,1
363,12/31/2020,208904,19577585,3351,352004,1,1,1,1,1,1
364,1/1/2021,235818,19813403,3763,355767,1,1,1,1,1,1
365,1/2/2021,229492,20042895,3754,359521,1,1,1,1,1,1
366,1/3/2021,228546,20271441,3049,362570,1,1,1,1,1,1
367,1/4/2021,225318,20496759,2384,364954,1,1,1,1,1,1
368,1/5/2021,205458,20702217,2044,366998,1,1,1,1,1,1
369,1/6/2021,174314,20876531,2029,369027,1,1,1,1,1,1
370,1/7/2021,242441,21118972,3496,372523,1,1,1,1,1,1
371,1/8/2021,257750,21376722,3855,376378,1,1,1,1,1,1
372,1/9/2021,269765,21646487,3978,380356,1,1,1,1,1,1
373,1/10/2021,292105,21938592,3711,384067,1,1,1,1,1,1
374,1/11/2021,256294,22194886,3411,387478,1,1,1,1,1,1
375,1/12/2021,224484,22419370,2555,390033,1,1,1,1,1,1
376,1/13/2021,204122,22623492,2534,392567,1,1,1,1,1,1
377,1/14/2021,217776,22841268,3600,396167,1,1,1,1,1,1
378,1/15/2021,226378,23067646,4066,400233,1,1,1,1,1,1
379,1/16/2021,223583,23291229,3762,403995,1,1,1,1,1,1
380,1/17/2021,237318,23528547,3384,407379,1,1,1,1,1,1
381,1/18/2021,209511,23738058,3549,410928,1,1,1,1,1,1
382,1/19/2021,186583,23924641,2600,413528,1,1,1,1,1,1
383,1/20/2021,154205,24078846,2250,415778,1,1,1,1,1,1
384,1/21/2021,150233,24229079,2738,418516,1,1,1,1,1,1
385,1/22/2021,188266,24417345,3826,422342,1,1,1,1,1,1
386,1/23/2021,187644,24604989,3853,426195,1,1,1,1,1,1
387,1/24/2021,189419,24794408,3679,429874,1,1,1,1,1,1
388,1/25/2021,165512,24959920,3073,432947,1,1,1,1,1,1
389,1/26/2021,141554,25101474,2477,435424,1,1,1,1,1,1
390,1/27/2021,135591,25237065,2037,437461,1,1,1,1,1,1
391,1/28/2021,145943,25383008,3576,441037,1,1,1,1,1,1
392,1/29/2021,158965,25541973,3950,444987,1,1,1,1,1,1
393,1/30/2021,156822,25698795,3870,448857,1,1,1,1,1,1
394,1/31/2021,164238,25863033,3266,452123,1,1,1,1,1,1
395,2/1/2021,138823,26001856,2827,454950,1,1,1,1,1,1
396,2/2/2021,111938,26113794,2291,457241,1,1,1,1,1,1
397,2/3/2021,129043,26242837,2229,459470,1,1,1,1,1,1
398,2/4/2021,121330,26364167,2947,462417,1,1,1,1,1,1
399,2/5/2021,108669,26472836,3280,465697,1,1,1,1,1,1
400,2/6/2021,122620,26595456,3127,468824,1,1,1,1,1,1
401,2/7/2021,124827,26720283,3399,472223,1,1,1,1,1,1
402,2/8/2021,110180,26830463,2803,475026,1,1,1,1,1,1
403,2/9/2021,92931,26923394,1771,476797,1,1,1,1,1,1
404,2/10/2021,80726,27004120,1668,478465,1,1,1,1,1,1
405,2/11/2021,91417,27095537,2470,480935,1,1,1,1,1,1
406,2/12/2021,98339,27193876,2813,483748,1,1,1,1,1,1
407,2/13/2021,99548,27293424,3252,487000,1,1,1,1,1,1
408,2/14/2021,97431,27390855,5061,492061,1,1,1,1,1,1
409,2/15/2021,85221,27476076,3316,495377,1,1,1,1,1,1
410,2/16/2021,67413,27543489,1572,496949,1,1,1,1,1,1
411,2/17/2021,58066,27601555,1387,498336,1,1,1,1,1,1
412,2/18/2021,56871,27658426,1407,499743,1,1,1,1,1,1
413,2/19/2021,63770,27722196,2181,501924,1,1,1,1,1,1
414,2/20/2021,68568,27790764,2247,504171,1,1,1,1,1,1
415,2/21/2021,73576,27864340,2322,506493,1,1,1,1,1,1
416,2/22/2021,65510,27929850,1839,508332,1,1,1,1,1,1
417,2/23/2021,56628,27986478,1525,509857,1,1,1,1,1,1
418,2/24/2021,55821,28042299,1487,511344,1,1,1,1,1,1
419,2/25/2021,70162,28112461,1718,513062,1,1,1,1,1,1
420,2/26/2021,72358,28184819,1975,515037,1,1,1,1,1,1
421,2/27/2021,71998,28256817,2850,517887,1,1,1,1,1,1
422,2/28/2021,73274,28330091,1966,519853,1,1,1,1,1,1
423,3/1/2021,68298,28398389,1634,521487,1,1,1,1,1,1
424,3/2/2021,52570,28450959,1026,522513,1,1,1,1,1,1
425,3/3/2021,51114,28502073,1323,523836,1,1,1,1,1,1
426,3/4/2021,53761,28555834,1128,524964,1,1,1,1,1,1
427,3/5/2021,66043,28621877,1896,526860,1,1,1,1,1,1
428,3/6/2021,64859,28686736,1515,528375,1,1,1,1,1,1
429,3/7/2021,64094,28750830,1924,530299,1,1,1,1,1,1
430,3/8/2021,57710,28808540,1277,531576,1,1,1,1,1,1
431,3/9/2021,43758,28852298,895,532471,1,1,1,1,1,1
432,3/10/2021,42703,28895001,802,533273,1,1,1,1,1,1
433,3/11/2021,54088,28949089,1201,534474,1,1,1,1,1,1
434,3/12/2021,61755,29010844,1576,536050,1,1,1,1,1,1
435,3/13/2021,59764,29070608,1317,537367,1,1,1,1,1,1
436,3/14/2021,64222,29134830,1491,538858,1,1,1,1,1,1
437,3/15/2021,52274,29187104,958,539816,1,1,1,1,1,1
438,3/16/2021,47230,29234334,651,540467,1,1,1,1,1,1
439,3/17/2021,43532,29277866,693,541160,1,1,1,1,1,1
440,3/18/2021,51806,29329672,853,542013,1,1,1,1,1,1
441,3/19/2021,59588,29389260,1075,543088,1,1,1,1,1,1
442,3/20/2021,63099,29452359,956,544044,1,1,1,1,1,1
443,3/21/2021,62022,29514381,1078,545122,1,1,1,1,1,1
444,3/22/2021,58456,29572837,718,545840,1,1,1,1,1,1
445,3/23/2021,45228,29618065,553,546393,1,1,1,1,1,1
446,3/24/2021,48228,29666293,938,547331,1,1,1,1,1,1
447,3/25/2021,57684,29723977,753,548084,1,1,1,1,1,1
448,3/26/2021,68021,29791998,1126,549210,1,1,1,1,1,1
449,3/27/2021,65367,29857365,981,550191,1,1,1,1,1,1
450,3/28/2021,74834,29932199,1042,551233,1,1,1,1,1,1
451,3/29/2021,63203,29995402,851,552084,1,1,1,1,1,1
452,3/30/2021,53256,30048658,618,552702,1,1,1,1,1,1
453,3/31/2021,58014,30106672,548,553250,1,1,1,1,1,1
454,4/1/2021,61789,30168461,729,553979,1,1,1,1,1,1
455,4/2/2021,69567,30238028,948,554927,1,1,1,1,1,1
456,4/3/2021,73685,30311713,816,555743,1,1,1,1,1,1
457,4/4/2021,70446,30382159,842,556585,1,1,1,1,1,1
458,4/5/2021,63695,30445854,708,557293,1,1,1,1,1,1
459,4/6/2021,45722,30491576,532,557825,1,1,1,1,1,1
460,4/7/2021,56400,30547976,362,558187,1,1,1,1,1,1
461,4/8/2021,63657,30611633,749,558936,1,1,1,1,1,1
462,4/9/2021,74627,30686260,821,559757,1,1,1,1,1,1
463,4/10/2021,75434,30761694,867,560624,1,1,1,1,1,1
464,4/11/2021,76415,30838109,864,561488,1,1,1,1,1,1
465,4/12/2021,68111,30906220,740,562228,1,1,1,1,1,1
466,4/13/2021,53239,30959459,468,562696,1,1,1,1,1,1
467,4/14/2021,60435,31019894,533,563229,1,1,1,1,1,1
468,4/15/2021,72206,31092100,751,563980,1,1,1,1,1,1
469,4/16/2021,70654,31162754,782,564762,1,1,1,1,1,1
470,4/17/2021,71498,31234252,794,565556,1,1,1,1,1,1
471,4/18/2021,71074,31305326,807,566363,1,1,1,1,1,1
472,4/19/2021,77212,31382538,627,566990,1,1,1,1,1,1
473,4/20/2021,49337,31431875,499,567489,1,1,1,1,1,1
474,4/21/2021,35281,31467156,463,567952,1,1,1,1,1,1
475,4/22/2021,57318,31524474,746,568698,1,1,1,1,1,1
476,4/23/2021,63049,31587523,767,569465,1,1,1,1,1,1
477,4/24/2021,61479,31649002,784,570249,1,1,1,1,1,1
478,4/25/2021,62419,31711421,835,571084,1,1,1,1,1,1
479,4/26/2021,51698,31763119,654,571738,1,1,1,1,1,1
480,4/27/2021,40847,31803966,435,572173,1,1,1,1,1,1
481,4/28/2021,30199,31834165,467,572640,1,1,1,1,1,1
482,4/29/2021,50313,31884478,546,573186,1,1,1,1,1,1
483,4/30/2021,54396,31938874,832,574018,1,1,1,1,1,1
484,5/1/2021,55643,31994517,753,574771,1,1,1,1,1,1
485,5/2/2021,55311,32049828,806,575577,1,1,1,1,1,1
486,5/3/2021,48352,32098180,616,576193,1,1,1,1,1,1
487,5/4/2021,36593,32134773,500,576693,1,1,1,1,1,1
488,5/5/2021,32953,32167726,470,577163,1,1,1,1,1,1
489,5/6/2021,42552,32210278,674,577837,1,1,1,1,1,1
490,5/7/2021,44541,32254819,714,578551,1,1,1,1,1,1
491,5/8/2021,42692,32297511,671,579222,1,1,1,1,1,1
492,5/9/2021,44641,32342152,806,580028,1,1,1,1,1,1
493,5/10/2021,37021,32379173,609,580637,1,1,1,1,1,1
494,5/11/2021,27538,32406711,408,581045,1,1,1,1,1,1
495,5/12/2021,24383,32431094,395,581440,1,1,1,1,1,1
496,5/13/2021,33073,32464167,598,582038,1,1,1,1,1,1
497,5/14/2021,35784,32499951,679,582717,1,1,1,1,1,1
498,5/15/2021,40435,32540386,583,583300,1,1,1,1,1,1
499,5/16/2021,35116,32575502,701,584001,1,1,1,1,1,1
500,5/17/2021,29837,32605339,442,584443,1,1,1,1,1,1
501,5/18/2021,21375,32626714,437,584880,1,1,1,1,1,1
502,5/19/2021,19453,32646167,362,585242,1,1,1,1,1,1
503,5/20/2021,27639,32673806,610,585852,1,1,1,1,1,1
504,5/21/2021,27491,32701297,583,586435,1,1,1,1,1,1
505,5/22/2021,27948,32729245,541,586976,1,1,1,1,1,1
506,5/23/2021,27866,32757111,649,587625,1,1,1,1,1,1
507,5/24/2021,22224,32779335,409,588034,1,1,1,1,1,1
508,5/25/2021,16030,32795365,287,588321,1,1,1,1,1,1
509,5/26/2021,14761,32810126,555,588876,1,1,1,1,1,1
510,5/27/2021,24571,32834697,518,589394,1,1,1,1,1,1
511,5/28/2021,23475,32858172,517,589911,1,1,1,1,1,1
512,5/29/2021,21970,32880142,545,590456,1,1,1,1,1,1
513,5/30/2021,24780,32904922,703,591159,1,1,1,1,1,1
514,5/31/2021,15628,32920550,301,591460,1,1,1,1,1,1
515,6/1/2021,12350,32932900,254,591714,1,1,1,1,1,1
516,6/2/2021,9408,32942308,232,591946,1,1,1,1,1,1
517,6/3/2021,8935,32951243,332,592278,1,1,1,1,1,1
518,6/4/2021,16048,32967291,492,592770,1,1,1,1,1,1
519,6/5/2021,18151,32985442,478,593248,1,1,1,1,1,1
520,6/6/2021,18592,33004034,586,593834,1,1,1,1,1,1
521,6/7/2021,14734,33018768,394,594228,1,1,1,1,1,1
522,6/8/2021,11084,33029852,423,594651,1,1,1,1,1,1
523,6/9/2021,9898,33039750,322,594973,1,1,1,1,1,1
524,6/10/2021,14314,33054064,313,595286,1,1,1,1,1,1
525,6/11/2021,19640,33073704,387,595673,1,1,1,1,1,1
526,6/12/2021,15924,33089628,382,596055,1,1,1,1,1,1
527,6/13/2021,13971,33103599,403,596458,1,1,1,1,1,1
528,6/14/2021,12350,33115949,208,596666,1,1,1,1,1,1
529,6/15/2021,8721,33124670,152,596818,1,1,1,1,1,1
530,6/16/2021,8275,33132945,199,597017,1,1,1,1,1,1
531,6/17/2021,12616,33145561,316,597333,1,1,1,1,1,1
532,6/18/2021,13220,33158781,336,597669,1,1,1,1,1,1
533,6/19/2021,13484,33172265,279,597948,1,1,1,1,1,1
534,6/20/2021,11961,33184226,272,598220,1,1,1,1,1,1
535,6/21/2021,12350,33196576,251,598471,1,1,1,1,1,1
536,6/22/2021,9047,33205623,223,598694,1,1,1,1,1,1
537,6/23/2021,8568,33214191,266,598960,1,1,1,1,1,1
538,6/24/2021,13288,33227479,308,599268,1,1,1,1,1,1
539,6/25/2021,13841,33241320,326,599594,1,1,1,1,1,1
540,6/26/2021,15572,33256892,315,599909,1,1,1,1,1,1
541,6/27/2021,14971,33271863,412,600321,1,1,1,1,1,1
542,6/28/2021,13294,33285157,242,600563,1,1,1,1,1,1
543,6/29/2021,10676,33295833,173,600736,1,1,1,1,1,1
544,6/30/2021,10438,33306271,183,600919,1,1,1,1,1,1
545,7/1/2021,15514,33321785,282,601201,1,1,1,1,1,1
546,7/2/2021,11639,33333424,244,601445,1,1,1,1,1,1
547,7/3/2021,18586,33352010,289,601734,1,1,1,1,1,1
548,7/4/2021,16890,33368900,304,602038,1,1,1,1,1,1
549,7/5/2021,13189,33382089,152,602190,1,1,1,1,1,1
550,7/6/2021,10459,33392548,125,602315,1,1,1,1,1,1
551,7/7/2021,9147,33401695,103,602418,1,1,1,1,1,1
552,7/8/2021,19962,33421657,301,602719,1,1,1,1,1,1
553,7/9/2021,22636,33444293,250,602969,1,1,1,1,1,1
554,7/10/2021,183538,33627831,262,603231,1,1,1,1,1,1
555,7/11/2021,27579,33655410,316,603547,1,1,1,1,1,1
556,7/12/2021,20875,33676285,149,603696,1,1,1,1,1,1
557,7/13/2021,16722,33693007,119,603815,1,1,1,1,1,1
558,7/14/2021,28892,33721899,295,604110,1,1,1,1,1,1
559,7/15/2021,34978,33756877,337,604447,1,1,1,1,1,1
560,7/16/2021,38299,33795176,342,604789,1,1,1,1,1,1
561,7/17/2021,40555,33835731,319,605108,1,1,1,1,1,1
562,7/18/2021,42258,33877989,370,605478,1,1,1,1,1,1
563,7/19/2021,32139,33910128,183,605661,1,1,1,1,1,1
564,7/20/2021,27993,33938121,146,605807,1,1,1,1,1,1
565,7/21/2021,45195,33983316,284,606091,1,1,1,1,1,1
566,7/22/2021,51040,34034356,320,606411,1,1,1,1,1,1
567,7/23/2021,61313,34095669,399,606810,1,1,1,1,1,1
568,7/24/2021,71708,34167377,338,607148,1,1,1,1,1,1
569,7/25/2021,69639,34237016,414,607562,1,1,1,1,1,1
570,7/26/2021,53795,34290811,254,607816,1,1,1,1,1,1
571,7/27/2021,43206,34334017,249,608065,1,1,1,1,1,1
572,7/28/2021,71245,34405262,411,608476,1,1,1,1,1,1
573,7/29/2021,85805,34491067,499,608975,1,1,1,1,1,1
574,7/30/2021,89149,34580216,494,609469,1,1,1,1,1,1
575,7/31/2021,99367,34679583,495,609964,1,1,1,1,1,1
576,8/1/2021,104519,34784102,525,610489,1,1,1,1,1,1
577,8/2/2021,80567,34864669,395,610884,1,1,1,1,1,1
578,8/3/2021,61188,34925857,370,611254,1,1,1,1,1,1
579,8/4/2021,102409,35028266,656,611910,1,1,1,1,1,1
580,8/5/2021,110283,35138549,700,612610,1,1,1,1,1,1
581,8/6/2021,126833,35265382,741,613351,1,1,1,1,1,1
582,8/7/2021,127854,35393236,753,614104,1,1,1,1,1,1
583,8/8/2021,133922,35527158,838,614942,1,1,1,1,1,1
584,8/9/2021,120252,35647410,648,615590,1,1,1,1,1,1
585,8/10/2021,96790,35744200,527,616117,1,1,1,1,1,1
586,8/11/2021,93050,35837250,720,616837,1,1,1,1,1,1
587,8/12/2021,135427,35972677,961,617798,1,1,1,1,1,1
588,8/13/2021,143479,36116156,612,618410,1,1,1,1,1,1
589,8/14/2021,151161,36267317,973,619383,1,1,1,1,1,1
590,8/15/2021,146305,36413622,1196,620579,1,1,1,1,1,1
591,8/16/2021,139848,36553470,904,621483,1,1,1,1,1,1
592,8/17/2021,110712,36664182,679,622162,1,1,1,1,1,1
593,8/18/2021,108955,36773137,845,623007,1,1,1,1,1,1
594,8/19/2021,150448,36923585,1193,624200,1,1,1,1,1,1
595,8/20/2021,168162,37091747,1497,625697,1,1,1,1,1,1
596,8/21/2021,174382,37266129,1381,627078,1,1,1,1,1,1
597,8/22/2021,167459,37433588,1556,628634,1,1,1,1,1,1
598,8/23/2021,141824,37575412,1169,629803,1,1,1,1,1,1
599,8/24/2021,124481,37699893,899,630702,1,1,1,1,1,1
600,8/25/2021,120825,37820718,1205,631907,1,1,1,1,1,1
601,8/26/2021,162414,37983132,1655,633562,1,1,1,1,1,1
602,8/27/2021,176904,38160036,1658,635220,1,1,1,1,1,1
603,8/28/2021,186271,38346307,1760,636980,1,1,1,1,1,1
604,8/29/2021,182171,38528478,1837,638817,1,1,1,1,1,1
605,8/30/2021,150022,38678500,1460,640277,1,1,1,1,1,1
606,8/31/2021,115672,38794172,1183,641460,1,1,1,1,1,1
607,9/1/2021,138600,38932772,1243,642703,1,1,1,1,1,1
608,9/2/2021,176801,39109573,1807,644510,1,1,1,1,1,1
609,9/3/2021,197627,39307200,2015,646525,1,1,1,1,1,1
610,9/4/2021,183417,39490617,2028,648553,1,1,1,1,1,1
611,9/5/2021,182112,39672729,1973,650526,1,1,1,1,1,1
612,9/6/2021,141762,39814491,1490,652016,1,1,1,1,1,1
613,9/7/2021,123082,39937573,1324,653340,1,1,1,1,1,1
614,9/8/2021,116004,40053577,1092,654432,1,1,1,1,1,1
615,9/9/2021,114676,40168253,1522,655954,1,1,1,1,1,1
616,9/10/2021,171241,40339494,2119,658073,1,1,1,1,1,1
617,9/11/2021,183714,40523208,2246,660319,1,1,1,1,1,1
618,9/12/2021,172091,40695299,2292,662611,1,1,1,1,1,1
619,9/13/2021,153543,40848842,1739,664350,1,1,1,1,1,1
620,9/14/2021,113838,40962680,1140,665490,1,1,1,1,1,1
621,9/15/2021,118971,41081651,1352,666842,1,1,1,1,1,1
622,9/16/2021,162147,41243798,2413,669255,1,1,1,1,1,1
623,9/17/2021,163128,41406926,2499,671754,1,1,1,1,1,1
624,9/18/2021,167335,41574261,2108,673862,1,1,1,1,1,1
625,9/19/2021,158492,41732753,2339,676201,1,1,1,1,1,1
626,9/20/2021,122574,41855327,1589,677790,1,1,1,1,1,1
627,9/21/2021,94644,41949971,1194,678984,1,1,1,1,1,1
628,9/22/2021,98378,42048349,1368,680352,1,1,1,1,1,1
629,9/23/2021,132981,42181330,2345,682697,1,1,1,1,1,1
630,9/24/2021,132730,42314060,2350,685047,1,1,1,1,1,1
631,9/25/2021,138256,42452316,2073,687120,1,1,1,1,1,1
632,9/26/2021,132731,42585047,2465,689585,1,1,1,1,1,1
633,9/27/2021,96166,42681213,1435,691020,1,1,1,1,1,1
634,9/28/2021,75238,42756451,1019,692039,1,1,1,1,1,1
635,9/29/2021,107319,42863770,1957,693996,1,1,1,1,1,1
636,9/30/2021,115452,42979222,2155,696151,1,1,1,1,1,1
637,10/1/2021,116797,43096019,2253,698404,1,1,1,1,1,1
638,10/2/2021,124042,43220061,1962,700366,1,1,1,1,1,1
639,10/3/2021,120674,43340735,2211,702577,1,1,1,1,1,1
640,10/4/2021,81968,43422703,1287,703864,1,1,1,1,1,1
641,10/5/2021,66639,43489342,942,704806,1,1,1,1,1,1
642,10/6/2021,91816,43581158,1356,706162,1,1,1,1,1,1
643,10/7/2021,101799,43682957,2055,708217,1,1,1,1,1,1
644,10/8/2021,118223,43801180,2053,710270,1,1,1,1,1,1
645,10/9/2021,113038,43914218,1738,712008,1,1,1,1,1,1
646,10/10/2021,108501,44022719,2253,714261,1,1,1,1,1,1
647,10/11/2021,70589,44093308,1051,715312,1,1,1,1,1,1
648,10/12/2021,58449,44151757,1013,716325,1,1,1,1,1,1
649,10/13/2021,77961,44229718,1024,717349,1,1,1,1,1,1
650,10/14/2021,89638,44319356,1914,719263,1,1,1,1,1,1
651,10/15/2021,96312,44415668,1846,721109,1,1,1,1,1,1
652,10/16/2021,96871,44512539,1576,722685,1,1,1,1,1,1
653,10/17/2021,92417,44604956,2038,724723,1,1,1,1,1,1
654,10/18/2021,63002,44667958,892,725615,1,1,1,1,1,1
655,10/19/2021,47645,44715603,695,726310,1,1,1,1,1,1
656,10/20/2021,72322,44787925,2330,728640,1,1,1,1,1,1
657,10/21/2021,80595,44868520,1849,730489,1,1,1,1,1,1
658,10/22/2021,76534,44945054,1841,732330,1,1,1,1,1,1
659,10/23/2021,87571,45032625,1523,733853,1,1,1,1,1,1
660,10/24/2021,80874,45113499,1961,735814,1,1,1,1,1,1
661,10/25/2021,36114,45149613,654,736468,1,1,1,1,1,1
662,10/26/2021,28057,45177670,347,736815,1,1,1,1,1,1
663,10/27/2021,84460,45262130,1030,737845,1,1,1,1,1,1
664,10/28/2021,101787,45363917,2052,739897,1,1,1,1,1,1
665,10/29/2021,84199,45448116,1765,741662,1,1,1,1,1,1
666,10/30/2021,103121,45551237,1277,742939,1,1,1,1,1,1
667,10/31/2021,88448,45639685,1790,744729,1,1,1,1,1,1
668,11/1/2021,34950,45674635,453,745182,1,1,1,1,1,1
669,11/2/2021,25347,45699982,302,745484,1,1,1,1,1,1
670,11/3/2021,117847,45817829,1196,746680,1,1,1,1,1,1
671,11/4/2021,74593,45892422,1450,748130,1,1,1,1,1,1
672,11/5/2021,78766,45971188,1188,749318,1,1,1,1,1,1
673,11/6/2021,88850,46060038,1204,750522,1,1,1,1,1,1
674,11/7/2021,89858,46149896,1614,752136,1,1,1,1,1,1
675,11/8/2021,35987,46185883,476,752612,1,1,1,1,1,1
676,11/9/2021,31524,46217407,256,752868,1,1,1,1,1,1
677,11/10/2021,116391,46333798,1161,754029,1,1,1,1,1,1
678,11/11/2021,82883,46416681,1587,755616,1,1,1,1,1,1
679,11/12/2021,93749,46510430,1345,756961,1,1,1,1,1,1
680,11/13/2021,73647,46584077,970,757931,1,1,1,1,1,1
681,11/14/2021,122999,46707076,1734,759665,1,1,1,1,1,1
682,11/15/2021,69276,46776352,544,760209,1,1,1,1,1,1
683,11/16/2021,33593,46809945,217,760426,1,1,1,1,1,1
684,11/17/2021,133590,46943535,1080,761506,1,1,1,1,1,1
685,11/18/2021,96915,47040450,1464,762970,1,1,1,1,1,1
686,11/19/2021,105810,47146260,1442,764412,1,1,1,1,1,1
687,11/20/2021,123870,47270130,3867,768279,1,1,1,1,1,1
688,11/21/2021,113822,47383952,1662,769941,1,1,1,1,1,1
689,11/22/2021,46194,47430146,374,770315,1,1,1,1,1,1
690,11/23/2021,38751,47468897,177,770492,1,1,1,1,1,1
691,11/24/2021,145378,47614275,1177,771669,1,1,1,1,1,1
692,11/25/2021,101066,47715341,1560,773229,1,1,1,1,1,1
693,11/26/2021,106535,47821876,1374,774603,1,1,1,1,1,1
694,11/27/2021,72723,47894599,465,775068,1,1,1,1,1,1
695,11/28/2021,81747,47976346,563,775631,1,1,1,1,1,1
696,11/29/2021,51800,48028146,214,775845,1,1,1,1,1,1
697,11/30/2021,56537,48084683,193,776038,1,1,1,1,1,1
698,12/1/2021,93479,48178162,1663,777701,1,1,1,1,1,1
699,12/2/2021,120690,48298852,1622,779323,1,1,1,1,1,1
700,12/3/2021,133075,48431927,1727,781050,1,1,1,1,1,1
701,12/4/2021,143869,48575796,1244,782294,1,1,1,1,1,1
702,12/5/2021,151567,48727363,1641,783935,1,1,1,1,1,1
703,12/6/2021,67352,48794715,572,784507,1,1,1,1,1,1
704,12/7/2021,55314,48850029,281,784788,1,1,1,1,1,1
705,12/8/2021,184043,49034072,1288,786076,1,1,1,1,1,1
706,12/9/2021,125548,49159620,1832,787908,1,1,1,1,1,1
707,12/10/2021,129708,49289328,1480,789388,1,1,1,1,1,1
708,12/11/2021,137431,49426759,1162,790550,1,1,1,1,1,1
709,12/12/2021,135573,49562332,1971,792521,1,1,1,1,1,1
710,12/13/2021,63967,49626299,490,793011,1,1,1,1,1,1
711,12/14/2021,58109,49684408,306,793317,1,1,1,1,1,1
712,12/15/2021,185683,49870091,1312,794629,1,1,1,1,1,1
713,12/16/2021,125442,49995533,1908,796537,1,1,1,1,1,1
714,12/17/2021,146477,50142010,1900,798437,1,1,1,1,1,1
715,12/18/2021,162668,50304678,1115,799552,1,1,1,1,1,1
716,12/19/2021,156763,50461441,2034,801586,1,1,1,1,1,1
717,12/20/2021,87584,50549025,590,802176,1,1,1,1,1,1
718,12/21/2021,102213,50651238,286,802462,1,1,1,1,1,1
719,12/22/2021,266159,50917397,1467,803929,1,1,1,1,1,1
720,12/23/2021,203318,51120715,2259,806188,1,1,1,1,1,1
721,12/24/2021,237883,51358598,1854,808042,1,1,1,1,1,1
722,12/25/2021,278812,51637410,3177,811219,1,1,1,1,1,1
723,12/26/2021,241450,51878860,1368,812587,1,1,1,1,1,1
724,12/27/2021,115824,51994684,262,812849,1,1,1,1,1,1
725,12/28/2021,211284,52205968,266,813115,1,1,1,1,1,1
726,12/29/2021,464495,52670463,1786,814901,1,1,1,1,1,1
727,12/30/2021,389514,53059977,2331,817232,1,1,1,1,1,1
728,12/31/2021,474309,53534286,1823,819055,1,1,1,1,1,1
